call_id,call_type,call_location,ambulance_assigned,route_to_call_location,time_to_the_call_locations
1,Stroke,Intersection D,Ambulance 3,Address 123 Main St --> Intersection D,1.72 min
3,House Fire,Address 789 Pine St,Ambulance 3,Address 123 Main St --> Intersection D --> Address 789 Pine St,6.34 min
6,Childbirth,Intersection D,Ambulance 3,Address 123 Main St --> Intersection D,1.72 min
7,Seizure,Intersection A,Ambulance 1,Intersection A,0 min
8,Heart Attack,Intersection C,Ambulance 2,Intersection C,0 min
12,Seizure,Intersection D,Ambulance 3,Address 123 Main St --> Intersection D,1.72 min
15,Childbirth,Address 456 Oak St,Ambulance 3,Address 123 Main St --> Address 456 Oak St,6.88 min
16,Severe Bleeding,Address 456 Oak St,Ambulance 3,Address 123 Main St --> Address 456 Oak St,6.88 min
17,Asthma Attack,Address 123 Main St,Ambulance 3,Address 123 Main St,0 min
21,Seizure,Address 789 Pine St,Ambulance 3,Address 123 Main St --> Intersection D --> Address 789 Pine St,6.34 min
22,Seizure,Intersection D,Ambulance 3,Address 123 Main St --> Intersection D,1.72 min
23,House Fire,Address 123 Main St,Ambulance 3,Address 123 Main St,0 min
24,Asthma Attack,Intersection D,Ambulance 3,Address 123 Main St --> Intersection D,1.72 min
25,Severe Car Accident,Address 456 Oak St,Ambulance 3,Address 123 Main St --> Address 456 Oak St,6.88 min
26,Severe Car Accident,Intersection B,Ambulance 2,Intersection C --> Intersection B,4.7 min
31,Childbirth,Address 456 Oak St,Ambulance 3,Address 123 Main St --> Address 456 Oak St,6.88 min
32,Asthma Attack,Intersection D,Ambulance 3,Address 123 Main St --> Intersection D,1.72 min
34,Childbirth,Intersection A,Ambulance 1,Intersection A,0 min
35,Drug Overdose,Intersection D,Ambulance 3,Address 123 Main St --> Intersection D,1.72 min
36,Drug Overdose,Address 456 Oak St,Ambulance 3,Address 123 Main St --> Address 456 Oak St,6.88 min
37,House Fire,Address 456 Oak St,Ambulance 3,Address 123 Main St --> Address 456 Oak St,6.88 min
39,Asthma Attack,Intersection A,Ambulance 1,Intersection A,0 min
40,Head Injury,Intersection D,Ambulance 3,Address 123 Main St --> Intersection D,1.72 min
41,Drug Overdose,Address 789 Pine St,Ambulance 3,Address 123 Main St --> Intersection D --> Address 789 Pine St,6.34 min
42,Seizure,Address 789 Pine St,Ambulance 3,Address 123 Main St --> Intersection D --> Address 789 Pine St,6.34 min
43,Severe Bleeding,Intersection C,Ambulance 2,Intersection C,0 min
44,Seizure,Address 456 Oak St,Ambulance 3,Address 123 Main St --> Address 456 Oak St,6.88 min
45,Seizure,Address 789 Pine St,Ambulance 3,Address 123 Main St --> Intersection D --> Address 789 Pine St,6.34 min
46,Childbirth,Address 789 Pine St,Ambulance 3,Address 123 Main St --> Intersection D --> Address 789 Pine St,6.34 min
48,Seizure,Address 123 Main St,Ambulance 3,Address 123 Main St,0 min
49,Severe Bleeding,Intersection B,Ambulance 2,Intersection C --> Intersection B,4.7 min
52,Heart Attack,Intersection C,Ambulance 2,Intersection C,0 min
53,Severe Bleeding,Intersection C,Ambulance 2,Intersection C,0 min
54,Drug Overdose,Address 789 Pine St,Ambulance 3,Address 123 Main St --> Intersection D --> Address 789 Pine St,6.34 min
56,Head Injury,Intersection B,Ambulance 2,Intersection C --> Intersection B,4.7 min
57,Heart Attack,Intersection B,Ambulance 2,Intersection C --> Intersection B,4.7 min
61,Heart Attack,Intersection B,Ambulance 2,Intersection C --> Intersection B,4.7 min
62,Severe Bleeding,Address 123 Main St,Ambulance 3,Address 123 Main St,0 min
63,Drug Overdose,Address 789 Pine St,Ambulance 3,Address 123 Main St --> Intersection D --> Address 789 Pine St,6.34 min
64,Drug Overdose,Address 123 Main St,Ambulance 3,Address 123 Main St,0 min
65,Heart Attack,Intersection C,Ambulance 2,Intersection C,0 min
71,Heart Attack,Intersection B,Ambulance 2,Intersection C --> Intersection B,4.7 min
73,Heart Attack,Address 456 Oak St,Ambulance 3,Address 123 Main St --> Address 456 Oak St,6.88 min
74,Heart Attack,Address 123 Main St,Ambulance 3,Address 123 Main St,0 min
76,Head Injury,Intersection C,Ambulance 2,Intersection C,0 min
79,House Fire,Address 123 Main St,Ambulance 3,Address 123 Main St,0 min
80,Heart Attack,Intersection A,Ambulance 1,Intersection A,0 min
82,Severe Car Accident,Intersection D,Ambulance 3,Address 123 Main St --> Intersection D,1.72 min
83,Stroke,Intersection B,Ambulance 2,Intersection C --> Intersection B,4.7 min
84,Seizure,Intersection D,Ambulance 3,Address 123 Main St --> Intersection D,1.72 min
85,Drug Overdose,Address 123 Main St,Ambulance 3,Address 123 Main St,0 min
86,Severe Bleeding,Intersection A,Ambulance 1,Intersection A,0 min
87,Drug Overdose,Intersection B,Ambulance 2,Intersection C --> Intersection B,4.7 min
90,Asthma Attack,Address 123 Main St,Ambulance 3,Address 123 Main St,0 min
93,Heart Attack,Intersection C,Ambulance 2,Intersection C,0 min
95,House Fire,Address 123 Main St,Ambulance 3,Address 123 Main St,0 min
97,Stroke,Intersection B,Ambulance 2,Intersection C --> Intersection B,4.7 min
98,Severe Car Accident,Address 789 Pine St,Ambulance 3,Address 123 Main St --> Intersection D --> Address 789 Pine St,6.34 min
2,Minor Car Accident,Address 123 Main St,Ambulance 3,Address 123 Main St,0 min
5,Minor Car Accident,Intersection C,Ambulance 2,Intersection C,0 min
18,Fainting,Intersection A,Ambulance 1,Intersection A,0 min
28,Animal Bite,Intersection A,Ambulance 1,Intersection A,0 min
29,Minor Car Accident,Intersection C,Ambulance 2,Intersection C,0 min
30,Allergic Reaction,Address 123 Main St,Ambulance 3,Address 123 Main St,0 min
33,Animal Bite,Intersection A,Ambulance 1,Intersection A,0 min
58,Fainting,Address 456 Oak St,Ambulance 3,Address 123 Main St --> Address 456 Oak St,6.88 min
59,Fainting,Address 789 Pine St,Ambulance 3,Address 123 Main St --> Intersection D --> Address 789 Pine St,6.34 min
60,Minor Car Accident,Address 456 Oak St,Ambulance 3,Address 123 Main St --> Address 456 Oak St,6.88 min
68,Allergic Reaction,Intersection B,Ambulance 2,Intersection C --> Intersection B,4.7 min
72,Broken Leg,Intersection B,Ambulance 2,Intersection C --> Intersection B,4.7 min
75,Animal Bite,Address 456 Oak St,Ambulance 3,Address 123 Main St --> Address 456 Oak St,6.88 min
4,Minor Burn,Intersection C,Ambulance 2,Intersection C,0 min
9,Food Poisoning,Address 456 Oak St,Ambulance 3,Address 123 Main St --> Address 456 Oak St,6.88 min
10,Panic Attack,Address 123 Main St,Ambulance 3,Address 123 Main St,0 min
11,Panic Attack,Intersection B,Ambulance 2,Intersection C --> Intersection B,4.7 min
13,Dehydration,Intersection D,Ambulance 3,Address 123 Main St --> Intersection D,1.72 min
14,High Fever,Address 789 Pine St,Ambulance 3,Address 123 Main St --> Intersection D --> Address 789 Pine St,6.34 min
19,Panic Attack,Address 456 Oak St,Ambulance 3,Address 123 Main St --> Address 456 Oak St,6.88 min
20,Panic Attack,Intersection B,Ambulance 2,Intersection C --> Intersection B,4.7 min
27,Dehydration,Intersection A,Ambulance 1,Intersection A,0 min
38,Minor Burn,Intersection A,Ambulance 1,Intersection A,0 min
47,Dehydration,Intersection D,Ambulance 3,Address 123 Main St --> Intersection D,1.72 min
50,Dehydration,Address 456 Oak St,Ambulance 3,Address 123 Main St --> Address 456 Oak St,6.88 min
51,Dehydration,Intersection C,Ambulance 2,Intersection C,0 min
55,Dehydration,Intersection C,Ambulance 2,Intersection C,0 min
66,Dehydration,Intersection A,Ambulance 1,Intersection A,0 min
67,Panic Attack,Intersection A,Ambulance 1,Intersection A,0 min
69,High Fever,Intersection D,Ambulance 3,Address 123 Main St --> Intersection D,1.72 min
70,Panic Attack,Intersection D,Ambulance 3,Address 123 Main St --> Intersection D,1.72 min
77,Dehydration,Intersection A,Ambulance 1,Intersection A,0 min
78,High Fever,Intersection D,Ambulance 3,Address 123 Main St --> Intersection D,1.72 min
81,Panic Attack,Address 456 Oak St,Ambulance 3,Address 123 Main St --> Address 456 Oak St,6.88 min
88,Dehydration,Intersection A,Ambulance 1,Intersection A,0 min
89,Dehydration,Intersection C,Ambulance 2,Intersection C,0 min
91,Food Poisoning,Intersection D,Ambulance 3,Address 123 Main St --> Intersection D,1.72 min
92,Minor Burn,Intersection D,Ambulance 3,Address 123 Main St --> Intersection D,1.72 min
94,Dehydration,Address 456 Oak St,Ambulance 3,Address 123 Main St --> Address 456 Oak St,6.88 min
96,Minor Burn,Intersection B,Ambulance 2,Intersection C --> Intersection B,4.7 min
99,High Fever,Address 123 Main St,Ambulance 3,Address 123 Main St,0 min
100,Minor Burn,Address 123 Main St,Ambulance 3,Address 123 Main St,0 min
